url,title,meta_description,text_content,classification,error
Domain,,,,,Filtered out due to URL category
opencart.com,,,,,Filtered out due to URL category
flippingbook.com,,,,,Filtered out due to URL category
mykajabi.com,,,,,Filtered out due to URL category
nasdaq.com,,,,,Filtered out due to URL category
wustl.edu,,,,,Filtered out due to URL category
hostpapa.com,,,,,Filtered out due to URL category
byu.edu,,,,,Filtered out due to URL category
dynadot.com,,,,,Filtered out due to URL category
livehelpnow.net,,,,,Filtered out due to URL category
goodfirms.co,,,,,Filtered out due to URL category
venngage.com,,,,,Filtered out due to URL category
cyberpanel.net,,,,,Filtered out due to URL category
tmcnet.com,,,,,Filtered out due to URL category
pixpa.com,,,,,Filtered out due to URL category
agilecrm.com,,,,,Filtered out due to URL category
timify.com,,,,,Filtered out due to URL category
hostadvice.com,,,,,Filtered out due to URL category
sortlist.com,,,,,Filtered out due to URL category
appsgeyser.com,,,,,Filtered out due to URL category
involve.me,,,,,Filtered out due to URL category
surveysparrow.com,,,,,Filtered out due to URL category
usp.org,,,,,Filtered out due to URL category
hubstaff.com,,,,,Filtered out due to URL category
designhill.com,,,,,Filtered out due to URL category
cloudtalk.io,,,,,Filtered out due to URL category
brafton.com,,,,,Filtered out due to URL category
giosg.com,,,,,Filtered out due to URL category
outgrow.co,,,,,Filtered out due to URL category
shipbob.com,,,,,Filtered out due to URL category
myvoffice.com,,,,,Filtered out due to URL category
ceu.edu,,,,,Filtered out due to URL category
britishchambers.org.uk,,,,,Filtered out due to URL category
softwaresuggest.com,,,,,Filtered out due to URL category
accredible.com,,,,,Filtered out due to URL category
hackerearth.com,,,,,Filtered out due to URL category
xat.com,,,,,Filtered out due to URL category
luisazhou.com,,,,,Filtered out due to URL category
educba.com,,,,,Filtered out due to URL category
zonkafeedback.com,,,,,Filtered out due to URL category
paltalk.com,,,,,Filtered out due to URL category
hayward-pool.com,,,,,Filtered out due to URL category
botsify.com,,,,,Filtered out due to URL category
topdesignfirms.com,,,,,Filtered out due to URL category
usersnap.com,,,,,Filtered out due to URL category
wisdmlabs.com,,,,,Filtered out due to URL category
logo.com,,,,,Filtered out due to URL category
leadsbridge.com,,,,,Filtered out due to URL category
clearout.io,,,,,Filtered out due to URL category
notifyvisitors.com,,,,,Filtered out due to URL category
proposify.com,,,,,Filtered out due to URL category
smith.ai,,,,,Filtered out due to URL category
cience.com,,,,,Filtered out due to URL category
101.43.178.182,,,,,Filtered out due to URL category
paperturn.com,,,,,Filtered out due to URL category
glideapps.com,,,,,Filtered out due to URL category
kickresume.com,,,,,Filtered out due to URL category
setupad.com,,,,,Filtered out due to URL category
aicontentfy.com,,,,,Filtered out due to URL category
photoadking.com,,,,,Filtered out due to URL category
corporatevision-news.com,,,,,Filtered out due to URL category
lightspeedvt.com,,,,,Filtered out due to URL category
plytix.com,,,,,Filtered out due to URL category
clicdata.com,,,,,Filtered out due to URL category
improvado.io,,,,,Filtered out due to URL category
scalefusion.com,,,,,Filtered out due to URL category
bcast.fm,,,,,Filtered out due to URL category
3web.ne.jp,,,,,Filtered out due to URL category
strongdm.com,,,,,Filtered out due to URL category
shoeboxed.com,,,,,Filtered out due to URL category
chameleon.io,,,,,Filtered out due to URL category
breadcrumbs.io,,,,,Filtered out due to URL category
apploye.com,,,,,Filtered out due to URL category
trackwrestling.com,,,,,Filtered out due to URL category
newbreedrevenue.com,,,,,Filtered out due to URL category
weareplanet.com,,,,,Filtered out due to URL category
bettermode.com,,,,,Filtered out due to URL category
wearedevelopers.com,,,,,Filtered out due to URL category
inbeat.co,,,,,Filtered out due to URL category
auslogics.com,,,,,Filtered out due to URL category
techimply.com,,,,,Filtered out due to URL category
earth-policy.org,,,,,Filtered out due to URL category
aajjo.com,,,,,Filtered out due to URL category
15navi.com,,,,,Filtered out due to URL category
upmetrics.co,,,,,Filtered out due to URL category
1871.com,,,,,Filtered out due to URL category
beomniscient.com,,,,,Filtered out due to URL category
webgility.com,,,,,Filtered out due to URL category
adoric.com,,,,,Filtered out due to URL category
acecloudhosting.com,,,,,Filtered out due to URL category
globalapptesting.com,,,,,Filtered out due to URL category
cleverads.com,,,,,Filtered out due to URL category
scanova.io,,,,,Filtered out due to URL category
softwarekeep.com,,,,,Filtered out due to URL category
growthcollective.com,,,,,Filtered out due to URL category
coderpad.io,,,,,Filtered out due to URL category
skillsuccess.com,,,,,Filtered out due to URL category
litcommerce.com,,,,,Filtered out due to URL category
the-blogsmith.com,,,,,Filtered out due to URL category
invitereferrals.com,,,,,Filtered out due to URL category
luzmo.com,,,,,Filtered out due to URL category
